{"uuid":"86005bc6-be87-498c-b403-6404e06a44f7","id":"test","config":{"target":{"name":"xmm"},"payload":{"modelType":"gmm","gaussians":1,"absoluteRegularization":0.01,"relativeRegularization":0.01,"covarianceMode":"full","states":1,"transitionMode":"ergodic","regressionEstimator":"full","likelihoodWindow":10}},"parameters":{"gaussians":1,"regularization":{"relative":0.01,"absolute":0.01},"covarianceMode":"full","bimodal":false,"inputDimension":3,"outputDimension":0,"dimension":3,"classes":{"05-stones.mp3":{"gaussians":1,"regularization":{"relative":0.01,"absolute":0.01},"covarianceMode":"full","bimodal":false,"inputDimension":3,"outputDimension":0,"dimension":3,"components":[{"bimodal":false,"dimension":3,"inputDimension":3,"outputDimension":0,"covarianceMode":"full","covarianceDeterminant":64.9723445916588,"mean":[1.2764883611813527,1.0415791765552793,9.739386204012096],"covariance":[5.943951832665678,0.8976689881106403,-2.3565768413315733,0.8976689881106403,2.6679629004033485,0.03965460261637285,-2.3565768413315733,0.03965460261637285,5.31248819091985],"inverseCovariance":[0.21812278753006253,-0.07483653310388502,0.09731611705511162,-0.07483653310388502,0.40053533042231426,-0.03618664235121571,0.09731611705511162,-0.03618664235121571,0.2316744678635683]}],"mixtureCoeffs":[1]},"06-wind.mp3":{"gaussians":1,"regularization":{"relative":0.01,"absolute":0.01},"covarianceMode":"full","bimodal":false,"inputDimension":3,"outputDimension":0,"dimension":3,"components":[{"bimodal":false,"dimension":3,"inputDimension":3,"outputDimension":0,"covarianceMode":"full","covarianceDeterminant":0.9375491623210779,"mean":[-0.3917617288606548,-0.12981063003423193,-9.816775257376856],"covariance":[0.2741662103425417,0.0012795360564414908,0.3968613171207415,0.0012795360564414908,0.936704523179163,0.3231254902164473,0.3968613171207415,0.3231254902164473,4.335391595829493],"inverseCovariance":[4.220120921812321,0.13086110329744044,-0.3960627933228151,0.13086110329744044,1.0998025709925856,-0.09394951890841904,-0.39606279332281513,-0.09394951890841906,0.27391746741306355]}],"mixtureCoeffs":[1]},"04-fire.mp3":{"gaussians":1,"regularization":{"relative":0.01,"absolute":0.01},"covarianceMode":"full","bimodal":false,"inputDimension":3,"outputDimension":0,"dimension":3,"components":[{"bimodal":false,"dimension":3,"inputDimension":3,"outputDimension":0,"covarianceMode":"full","covarianceDeterminant":0.5616120404738544,"mean":[-9.011544406232487,0.6539883214721001,1.8760477108931826],"covariance":[1.3016105101270508,0.07695687625937293,2.6025785557809438,0.07695687625937293,0.14569773011061748,0.4100970337760082,2.6025785557809438,0.4100970337760082,8.725885599238815],"inverseCovariance":[1.964277950614019,0.7047442345552286,-0.6189860193095347,0.7047442345552286,8.16273323352674,-0.5938268224820489,-0.6189860193095348,-0.5938268224820489,0.32712855631624715]}],"mixtureCoeffs":[1]},"07-birds.mp3":{"gaussians":1,"regularization":{"relative":0.01,"absolute":0.01},"covarianceMode":"full","bimodal":false,"inputDimension":3,"outputDimension":0,"dimension":3,"components":[{"bimodal":false,"dimension":3,"inputDimension":3,"outputDimension":0,"covarianceMode":"full","covarianceDeterminant":0.0008904010807822389,"mean":[9.710409032004117,0.09961320455960976,-0.623091008359149],"covariance":[0.08769067407229554,-0.012688328339496645,-0.0062571784218546775,-0.012688328339496645,0.09318378169099767,0.049716781913183884,-0.0062571784218546775,0.049716781913183884,0.13768494195518255],"inverseCovariance":[11.633235171262774,1.6126496327690738,-0.05363347581737379,1.612649632769074,13.515856334405264,-4.807165081849124,-0.05363347581737391,-4.807165081849123,8.996344597876108]}],"mixtureCoeffs":[1]},"03-water.mp3":{"gaussians":1,"regularization":{"relative":0.01,"absolute":0.01},"covarianceMode":"full","bimodal":false,"inputDimension":3,"outputDimension":0,"dimension":3,"components":[{"bimodal":false,"dimension":3,"inputDimension":3,"outputDimension":0,"covarianceMode":"full","covarianceDeterminant":0.002688169912345793,"mean":[0.23766710803579252,9.800433025181295,0.24628126432048392],"covariance":[0.24121482878311645,0.013372138223237337,-0.011960550585468691,0.013372138223237337,0.07190227265199381,-0.0008221165184446536,-0.011960550585468691,-0.0008221165184446536,0.15720030917142613],"inverseCovariance":[4.204490037457804,-0.7783255393049754,0.315827250965405,-0.7783255393049754,14.052679749758187,0.014273115477290477,0.3158272509654049,0.014273115477290477,6.385414935035642]}],"mixtureCoeffs":[1]}}},"infos":{"05-stones.mp3":{"numExamples":1},"06-wind.mp3":{"numExamples":1},"04-fire.mp3":{"numExamples":1},"07-birds.mp3":{"numExamples":1},"03-water.mp3":{"numExamples":1}},"examples":[{"label":"05-stones.mp3","input":[[-0.08614161193761974,-0.8099704481687396,9.954142408424616],[-0.7920243109811097,2.130210385855287,9.758528650909662],[-2.445464814403653,1.3322040047898889,9.702896195536852],[0.4205385843839496,0.04546362852263264,11.05484038132429],[3.07956263590306,0.14177474316386504,11.856434996140003],[3.7902310713857412,1.2460624293848872,8.341977845177054],[5.773282956945896,3.6472599397778507,4.10069987309277],[9.834501298999786,1.3716855358287692,5.2007998800992965],[-0.36909287664387375,0.5419742856079712,13.378870188623665],[0.2799602479304187,4.17248442184329,7.875377401515841],[-0.5252245551306755,4.343571056345105,13.253844463551044],[-0.21355941977854817,4.003192269542813,8.958727933773398],[5.212165908244252,5.322235471725463,13.284951549476384],[1.4644073664069175,-0.37447672510668634,8.874380840569733],[1.5583257132932542,1.4703895095564423,14.71825182995796],[4.644468604369461,0.5988038783434778,6.911070012789964],[0.5742774494500831,0.1543370684213005,7.599604650136828],[0.17347964885188266,-0.15493527177646754,8.783453784453869],[0.7124629176840186,-0.3858426436537877,11.919247718405723],[0.6071787253158166,0.3732803549289703,7.456034968113899],[1.299900840947777,-0.5258227402195335,9.628718029648065],[0.3990031540000811,-0.0813559668299742,10.496714331132173],[-0.021535402984404935,0.33798619257733226,9.761520233941077],[-0.4372883513938635,0.2536391907052137,10.362716195052862],[0.45882374524511393,0.06640082358529326,9.876375278133153],[0.777667357391864,0.3044866950901225,9.460622393655777],[0.4671985922174528,0.23748764531677588,10.186245529425143],[0.1519442367343232,0.20039889116594567,10.195816490846871],[0.22911276181181892,0.24287149377958847,9.48933586244285]],"output":null},{"label":"06-wind.mp3","input":[[0.2548355974155478,-2.4813570887789127,-3.5593235899105666],[-0.7232306146096438,-3.1764719812989233,-16.080965247040986],[-1.9854444797851145,0.22372891334900633,-10.000802452790737],[-0.2787638229537755,0.07178468118126038,-9.623932548937201],[-1.2957134722605348,0.15852449190746992,-9.853045840471982],[-0.6933203372534364,-0.4414757566137239,-11.19781209745407],[0.12143574688979424,0.5784648546699435,-9.185447608169913],[0.012562318407569545,0.3529413312554359,-9.977471846085786],[-0.14715859162667766,0.2362912203401327,-9.801001180458067],[-0.42652065446823834,0.2985046067395247,-9.586245500099658],[-0.6340979676298797,0.1645065437254496,-9.60957493776083],[-0.5521437974447384,-0.03589234059063019,-10.191628976029158],[-0.013758729684480931,0.7136593609269708,-8.971290478226543],[-0.25842483581285924,-0.11306086338483728,-10.205987171727418],[-0.23509483189610764,0.09990034390538931,-9.800403214564918],[-0.04307080596880987,0.17228322387523948,-9.662218148189783],[-0.17407785220704972,0.07058826533777174,-9.848259775239228],[-0.08793623113627545,0.33978078437652437,-9.60060311127603],[-0.2835494863277301,0.300897438426502,-9.762716165727376]],"output":null},{"label":"04-fire.mp3",